{
  "camera_matrix": [
    [
      177.90598573374334,
      0.0,
      324.1771480220707
    ],
    [
      0.0,
      180.1692316189575,
      231.31714012810866
    ],
    [
      0.0,
      0.0,
      1.0
    ]
  ],
  "dist_coeffs": [
    [
      -0.20739687699834558,
      0.04632355878671736,
      0.002488580571893871,
      0.0054156449646401645,
      -0.0037898449187201513
    ]
  ],
  "image_size": [
    640,
    480
  ],
  "num_images": 101,
  "chessboard_size": [
    7,
    6
  ],
  "square_size": 1.0,
  "calibration_date": "2026-02-16T17:54:06.735085",
  "successful_images": [
    "frame_000041_20260216_173411_437687.jpg",
    "frame_000007_20260216_172854_928329.jpg",
    "frame_000823_20260216_173437_505475.jpg",
    "frame_000166_20260216_173415_605416.jpg",
    "frame_000115_20260216_173413_905426.jpg",
    "frame_000722_20260216_173434_137445.jpg",
    "frame_000126_20260216_173414_273430.jpg",
    "frame_000831_20260216_173437_773473.jpg",
    "frame_000543_20260216_173428_173447.jpg",
    "frame_000129_20260216_173414_373447.jpg",
    "frame_000654_20260216_173431_873442.jpg",
    "frame_000479_20260216_173426_037511.jpg",
    "frame_000614_20260216_173430_537476.jpg",
    "frame_000848_20260216_173438_337465.jpg",
    "frame_000464_20260216_173425_537827.jpg",
    "frame_000271_20260216_173419_105515.jpg",
    "frame_000588_20260216_173429_673435.jpg",
    "frame_000243_20260216_173418_173631.jpg",
    "frame_000685_20260216_173432_905447.jpg",
    "frame_000165_20260216_173415_573434.jpg",
    "frame_000642_20260216_173431_473440.jpg",
    "frame_000749_20260216_173435_037453.jpg",
    "frame_000717_20260216_173433_973476.jpg",
    "frame_000019_20260216_173410_705424.jpg",
    "frame_000698_20260216_173433_337549.jpg",
    "frame_000065_20260216_173412_237496.jpg",
    "frame_000427_20260216_173424_305444.jpg",
    "frame_000727_20260216_173434_305445.jpg",
    "frame_000289_20260216_173419_705641.jpg",
    "frame_000731_20260216_173434_437478.jpg",
    "frame_000974_20260216_173442_537470.jpg",
    "frame_000113_20260216_173413_837487.jpg",
    "frame_000347_20260216_173421_637747.jpg",
    "frame_000676_20260216_173432_605445.jpg",
    "frame_000327_20260216_173420_973432.jpg",
    "frame_000762_20260216_173435_473736.jpg",
    "frame_000404_20260216_173423_537695.jpg",
    "frame_000184_20260216_173416_205656.jpg",
    "frame_000417_20260216_173423_973427.jpg",
    "frame_000463_20260216_173425_505426.jpg",
    "frame_000694_20260216_173433_205561.jpg",
    "frame_000723_20260216_173434_173445.jpg",
    "frame_000567_20260216_173428_973623.jpg",
    "frame_000720_20260216_173434_073439.jpg",
    "frame_000863_20260216_173438_837460.jpg",
    "frame_000255_20260216_173418_573461.jpg",
    "frame_000311_20260216_173420_437549.jpg",
    "frame_000316_20260216_173420_605466.jpg",
    "frame_000222_20260216_173417_473492.jpg",
    "frame_000745_20260216_173434_905418.jpg",
    "frame_000333_20260216_173421_173433.jpg",
    "frame_000972_20260216_173442_473447.jpg",
    "frame_000788_20260216_173436_337475.jpg",
    "frame_000408_20260216_173423_673510.jpg",
    "frame_000489_20260216_173426_373434.jpg",
    "frame_000811_20260216_173437_105450.jpg",
    "frame_000852_20260216_173438_473651.jpg",
    "frame_000522_20260216_173427_473434.jpg",
    "frame_000761_20260216_173435_437446.jpg",
    "frame_000342_20260216_173421_473448.jpg",
    "frame_000181_20260216_173416_105503.jpg",
    "frame_000924_20260216_173440_873445.jpg",
    "frame_000851_20260216_173438_437460.jpg",
    "frame_000624_20260216_173430_873455.jpg",
    "frame_000364_20260216_173422_205476.jpg",
    "frame_000763_20260216_173435_505455.jpg",
    "frame_000141_20260216_173414_773472.jpg",
    "frame_000490_20260216_173426_405823.jpg",
    "frame_000094_20260216_173413_205468.jpg",
    "frame_000928_20260216_173441_005470.jpg",
    "frame_000655_20260216_173431_905460.jpg",
    "frame_000095_20260216_173413_237449.jpg",
    "frame_000461_20260216_173425_437485.jpg",
    "frame_000004_20260216_172854_728352.jpg",
    "frame_000827_20260216_173437_637514.jpg",
    "frame_000883_20260216_173439_505460.jpg",
    "frame_000062_20260216_173412_137698.jpg",
    "frame_000755_20260216_173435_237849.jpg",
    "frame_000702_20260216_173433_473440.jpg",
    "frame_000776_20260216_173435_937459.jpg",
    "frame_000431_20260216_173424_437444.jpg",
    "frame_000439_20260216_173424_705436.jpg",
    "frame_000865_20260216_173438_905444.jpg",
    "frame_000190_20260216_173416_405433.jpg",
    "frame_000114_20260216_173413_873447.jpg",
    "frame_000679_20260216_173432_705451.jpg",
    "frame_000302_20260216_173420_137495.jpg",
    "frame_000240_20260216_173418_073476.jpg",
    "frame_000944_20260216_173441_537449.jpg",
    "frame_000859_20260216_173438_705433.jpg",
    "frame_000797_20260216_173436_637461.jpg",
    "frame_000407_20260216_173423_637509.jpg",
    "frame_000871_20260216_173439_105447.jpg",
    "frame_000857_20260216_173438_637465.jpg",
    "frame_000063_20260216_173412_173422.jpg",
    "frame_000112_20260216_173413_805478.jpg",
    "frame_000951_20260216_173441_773435.jpg",
    "frame_000621_20260216_173430_773444.jpg",
    "frame_000605_20260216_173430_237466.jpg",
    "frame_000518_20260216_173427_337491.jpg",
    "frame_000344_20260216_173421_537635.jpg"
  ]
}