{
  "calibration_model": "fisheye",
  "camera_matrix": [
    [
      163.25096269226754,
      0.0,
      319.160739328153
    ],
    [
      0.0,
      163.58790796623057,
      239.00609672949048
    ],
    [
      0.0,
      0.0,
      1.0
    ]
  ],
  "dist_coeffs": [
    [
      3.5258104873512788
    ],
    [
      -92.16670448043249
    ],
    [
      601.311855601032
    ],
    [
      -32.21207693911802
    ]
  ],
  "rms_error": 102.54997901281031,
  "image_size": [
    640,
    480
  ],
  "num_images": 101,
  "chessboard_size": [
    8,
    6
  ],
  "square_size": 1.0,
  "calibration_date": "2026-02-17T09:11:15.107525",
  "successful_images": [
    "frame_000041_20260216_173411_437687.jpg",
    "frame_000007_20260216_172854_928329.jpg",
    "frame_000200_20260216_173416_737466.jpg",
    "frame_000823_20260216_173437_505475.jpg",
    "frame_000166_20260216_173415_605416.jpg",
    "frame_000027_20260216_172856_260332.jpg",
    "frame_000076_20260216_172859_528419.jpg",
    "frame_000115_20260216_173413_905426.jpg",
    "frame_000722_20260216_173434_137445.jpg",
    "frame_000126_20260216_173414_273430.jpg",
    "frame_000019_20260216_172855_728450.jpg",
    "frame_000831_20260216_173437_773473.jpg",
    "frame_000543_20260216_173428_173447.jpg",
    "frame_000129_20260216_173414_373447.jpg",
    "frame_000201_20260216_173416_773416.jpg",
    "frame_000241_20260216_172910_528500.jpg",
    "frame_000654_20260216_173431_873442.jpg",
    "frame_000479_20260216_173426_037511.jpg",
    "frame_000614_20260216_173430_537476.jpg",
    "frame_000169_20260216_173415_705436.jpg",
    "frame_000848_20260216_173438_337465.jpg",
    "frame_000464_20260216_173425_537827.jpg",
    "frame_000271_20260216_173419_105515.jpg",
    "frame_000588_20260216_173429_673435.jpg",
    "frame_000209_20260216_172908_396317.jpg",
    "frame_000243_20260216_173418_173631.jpg",
    "frame_000685_20260216_173432_905447.jpg",
    "frame_000165_20260216_173415_573434.jpg",
    "frame_000160_20260216_172905_128469.jpg",
    "frame_000642_20260216_173431_473440.jpg",
    "frame_000749_20260216_173435_037453.jpg",
    "frame_000345_20260216_173421_573600.jpg",
    "frame_000717_20260216_173433_973476.jpg",
    "frame_000019_20260216_173410_705424.jpg",
    "frame_000698_20260216_173433_337549.jpg",
    "frame_000170_20260216_173415_737476.jpg",
    "frame_000065_20260216_173412_237496.jpg",
    "frame_000427_20260216_173424_305444.jpg",
    "frame_000960_20260216_173442_073436.jpg",
    "frame_000289_20260216_173419_705641.jpg",
    "frame_000032_20260216_173411_137773.jpg",
    "frame_000731_20260216_173434_437478.jpg",
    "frame_000974_20260216_173442_537470.jpg",
    "frame_000113_20260216_173413_837487.jpg",
    "frame_000225_20260216_172909_460500.jpg",
    "frame_000282_20260216_173419_473421.jpg",
    "frame_000347_20260216_173421_637747.jpg",
    "frame_000676_20260216_173432_605445.jpg",
    "frame_000210_20260216_173417_073438.jpg",
    "frame_000327_20260216_173420_973432.jpg",
    "frame_000156_20260216_173415_273400.jpg",
    "frame_000623_20260216_173430_837462.jpg",
    "frame_000762_20260216_173435_473736.jpg",
    "frame_000206_20260216_172908_196315.jpg",
    "frame_000383_20260216_173422_837582.jpg",
    "frame_000145_20260216_172904_128501.jpg",
    "frame_000603_20260216_173430_173447.jpg",
    "frame_000184_20260216_173416_205656.jpg",
    "frame_000417_20260216_173423_973427.jpg",
    "frame_000463_20260216_173425_505426.jpg",
    "frame_000694_20260216_173433_205561.jpg",
    "frame_000723_20260216_173434_173445.jpg",
    "frame_000567_20260216_173428_973623.jpg",
    "frame_000560_20260216_173428_737470.jpg",
    "frame_000720_20260216_173434_073439.jpg",
    "frame_000919_20260216_173440_705481.jpg",
    "frame_000198_20260216_172907_660350.jpg",
    "frame_000863_20260216_173438_837460.jpg",
    "frame_000255_20260216_173418_573461.jpg",
    "frame_000311_20260216_173420_437549.jpg",
    "frame_000316_20260216_173420_605466.jpg",
    "frame_000222_20260216_173417_473492.jpg",
    "frame_000745_20260216_173434_905418.jpg",
    "frame_000966_20260216_173442_273434.jpg",
    "frame_000412_20260216_173423_805429.jpg",
    "frame_000333_20260216_173421_173433.jpg",
    "frame_000972_20260216_173442_473447.jpg",
    "frame_000125_20260216_172902_796336.jpg",
    "frame_000788_20260216_173436_337475.jpg",
    "frame_000900_20260216_173440_073555.jpg",
    "frame_000365_20260216_173422_237476.jpg",
    "frame_000489_20260216_173426_373434.jpg",
    "frame_000811_20260216_173437_105450.jpg",
    "frame_000092_20260216_173413_137535.jpg",
    "frame_000852_20260216_173438_473651.jpg",
    "frame_000023_20260216_173410_837444.jpg",
    "frame_000007_20260216_173410_305488.jpg",
    "frame_000499_20260216_173426_705435.jpg",
    "frame_000522_20260216_173427_473434.jpg",
    "frame_000761_20260216_173435_437446.jpg",
    "frame_000913_20260216_173440_505477.jpg",
    "frame_000342_20260216_173421_473448.jpg",
    "frame_000035_20260216_173411_237461.jpg",
    "frame_000045_20260216_173411_573419.jpg",
    "frame_000181_20260216_173416_105503.jpg",
    "frame_000924_20260216_173440_873445.jpg",
    "frame_000851_20260216_173438_437460.jpg",
    "frame_000624_20260216_173430_873455.jpg",
    "frame_000364_20260216_173422_205476.jpg",
    "frame_000115_20260216_172902_128702.jpg",
    "frame_000763_20260216_173435_505455.jpg"
  ],
  "opencv_model": "cv2.fisheye"
}